query,time,httpCalls,serverTime,importTime,exportTime,errors
query_119,0.384275685,18,0.009437100999999998,0.1385741763644748,0.008265177408854168,0
query_121,0.442273986,25,0.00912055708,0.1447772979736328,0.008335113525390627,0
query_133,0.427303911,22,0.009764930772727274,0.14956430955366656,0.008247115395285864,0
query_135,0.47497041,26,0.009630398038461538,0.6351012449998122,0.008124571580153245,0
query_144,0.43882868,26,0.008166787615384617,0.13973162724421576,0.008170421306903545,0
query_149,26.898484597,1276,0.019616180803291534,1.230937373301825,0.009642686216061392,0
query_159,0.33981334,12,0.011436934,0.1541773478190104,0.008006890614827475,0
query_15,0.41876066,24,0.008531114125,0.1433690388997396,0.007957220077514648,0
query_162,0.40176544,20,0.009148069399999997,0.1548171043395996,0.008225440979003906,0
query_163,0.412695095,22,0.00871782363636364,0.15086477453058414,0.008192929354580967,0
query_16,0.383018168,18,0.009580168722222223,0.1552634769015842,0.008516841464572482,0
query_175,0.412744172,22,0.008805175954545453,0.1477544957941229,0.008279627019708807,0
query_32,0.396683627,21,0.008812872523809526,0.15640258789062503,0.008276530674525669,0
query_45,0.404851743,20,0.00945452615,0.1478314399719238,0.008237361907958984,0
query_55,0.424682754,23,0.009112675347826085,0.13710104900857673,0.008126963739809784,0
query_5,4.273422734,5,0.6948788704,0.5023479461669922,0.18105506896972656,0
query_65,,35
query_93,0.38030166,19,0.009013196263157894,0.13990151254754318,0.007880361456620064,0
